故障类别,软/硬件,部件,标题,描述,原因分析,解决方案,Unnamed: 7,Unnamed: 8,Unnamed: 9
客户操作,,,急停频繁,客户反馈，切换地图后发现急停频繁,"1.地毯没有检测到rfid（检查后正常）
2，定位到小车被删除没有搬下场地，发生碰撞",检查并找到被删除的小车，重新添加回去后恢复正常,1.0,,
飞箱异常,倾角异常,,飞箱异常,飞箱106002立柱切斜，无法正常运行，报错电机1号电机发热,,"1、提供弹窗信息和读取飞箱日志

2、检查X轴导轨是否有异物卡住
-是：清除异物并把飞箱Z轴推垂直。
-否：进入步骤3

3、检查倾角是否正常
-是：进入步骤4
-否：通过操控界面调整倾角。

4、检查是否因其它部件报错导致的倾斜过大。
-是：解决其它部件问题后恢复。（如：拉箱机倾斜或X轴某个电机离线）
-否：联系售后人员解决。",1.0,,
客户操作,,,飞箱: 106004 箱位: (A008)15-041..........拉箱机拉箱失败，抓钩总成后拉100mm拉不出来,拉箱<-货架   飞箱: 106004 箱位: (A008)15-041..........拉箱机拉箱失败，抓钩总成后拉100mm拉不出来,物品超高,"1、取出超高货物。
2、把箱子放回货架。
3、“终止任务”“启动任务”，飞箱会重新拉箱。",1.0,,
飞箱异常,接驳位偏移量异常,,104023推箱失败,"推箱->地面车
飞箱: 104023 地面车: 205091
接驳位多次修正失败",接驳位多次修正失败,"1、提供弹窗信息和读取飞箱日志。

2、检查TOF是否脏污或螺丝松动。
-是：擦干净TOF/紧固螺丝
-否：进入步骤3

3、查看地面车停的位置是否准确。
-是：进入步骤4
-否：通过操控界面调整地面车位置

4、检查拉箱机是否倾斜。
-是：找到倾斜原因并解决，如未发现明显原因，可以电机回零继续观察
-否：进入步骤5

5、检查接驳位偏移量是否正常，可以和相邻接驳位对比下
-是：联系售后人员解决。
-否：调整偏移量。",1.0,,
飞箱异常,TOF异常,,拉箱<-货架   飞箱: 101043 箱位: (A005)13-048..........拉箱机拉箱失败，抓钩总成后拉100mm拉不出来,拉箱<-货架   飞箱: 101043 箱位: (A005)13-048..........拉箱机拉箱失败，抓钩总成后拉100mm拉不出来,看监控回放发现是飞箱没有判断好箱子中心位置，可能是TOF把立柱也误判成箱子一部分，导致拉箱时拉外,"1、提供弹窗信息和读取飞箱日志

2、检查TOF是否脏污。
-是：用干净的布擦TOF
-否：进入步骤3

3、检查箱子是否在正确箱位。
-是：进入步骤4.
-否：箱子摆放到正确位置。

4、检查物品是否超出箱子。
-是：整理箱子里面的物品
-否：进入步骤5

5、检查拉箱机是否有故障
-是：解决相应的故障
-否：进入步骤6

6、检查飞箱是否垂直。
-是：联系售后人员解决
-否：调整飞箱倾角。",1.0,,
飞箱异常,接驳位偏移量异常,,"飞箱: 106001 地面车: 219181.......推箱到地面车,车上有箱","推箱->地面车  飞箱: 106001 地面车: 219181.......推箱到地面车,车上有箱",接驳位小车没有箱子，但是飞箱认为地面车有箱，怀意是偏移量问题,"1、提供弹窗信息和读取飞箱日志。

2、检查TOF是否脏污或螺丝松动。
-是：擦干净TOF/紧固螺丝
-否：进入步骤3

3、查看地面车停的位置是否准确。
-是：进入步骤4
-否：通过操控界面调整地面车位置

4、检查拉箱机是否倾斜。
-是：找到倾斜原因并解决，如未发现明显原因，可以电机回零继续观察
-否：进入步骤5

5、检查接驳位偏移量是否正常，可以和相邻接驳位对比下
-是：联系售后人员解决。
-否：调整偏移量。",1.0,,
飞箱异常,TOF异常,,飞箱异常,"飞箱106001报错，推箱到地面车，车上有箱，Please Resolve:Push bin -> FloorbotAirRob: 106001 Floorbot:219175Pushed box to FloorBot,box present onvehicle",,"1、提供弹窗信息和读取飞箱日志。

2、检查TOF是否脏污或螺丝松动。
-是：擦干净TOF/紧固螺丝
-否：进入步骤3

3、查看地面车停的位置是否准确。
-是：进入步骤4
-否：通过操控界面调整地面车位置

4、检查拉箱机是否倾斜。
-是：找到倾斜原因并解决，如未发现明显原因，可以电机回零继续观察
-否：进入步骤5

5、检查接驳位偏移量是否正常，可以和相邻接驳位对比下
-是：联系售后人员解决。
-否：调整偏移量。",1.0,,
飞箱异常,料箱传感器异常,,飞箱异常报警,2025-08-05 05:38:10.986 料箱:05646所在箱位:(A002)13-040提示错误:不具备拉箱条件:两侧都没找到边,,"1、提供弹窗信息和读取飞箱日志

2、检查TOF是否脏污。
-是：用干净的布擦TOF
-否：进入步骤3

3、检查箱子是否在正确箱位。
-是：进入步骤4.
-否：箱子摆放到正确位置。

4、检查物品是否超出箱子。
-是：整理箱子里面的物品
-否：进入步骤5

5、检查拉箱机是否有故障
-是：解决相应的故障
-否：进入步骤6

6、检查飞箱是否垂直。
-是：联系售后人员解决
-否：调整飞箱倾角。",1.0,,
飞箱异常,料箱传感器异常,,飞箱异常报警,飞箱106001报错：Please Resolve:Pull bin<-StockRackAirRob: 106001 binPosition:(A002)13-040两侧都没找到边,,"1、提供弹窗信息和读取TOF日志。

2、检查TOF是否在线。
-是：进入步骤3
-否：1、查看TOF线束有无松动。
     2、检查TOF指示灯是否快闪。
     3、更换TOF。（更换TOF需要写号）

3、检查飞箱倾角是否正常。
-是：进入步骤4 
-否：通过飞箱操控界面调整倾角。（保证Z轴垂直）

4、检查该货位偏移量是否正常。
-是：进入步骤5
-否：重新校准偏移量。

5、检查TOF表面是否脏污。
-是：用干净的毛巾或者布擦干净
-否：进入步骤6

6、检查TOF安装螺丝是否松动
-是：紧固螺丝
-否：联系售后进行解决",1.0,,
飞箱异常,料箱传感器异常,,车服提示报警,车服提出报警信息，显示2025-08-05 04:28:49.514料箱:06771所在箱位:(A004)05-024提示错误:不具备拉箱条件:两侧都没找到边,可能是飞箱检测两侧料箱问题,"1、提供弹窗信息和读取TOF日志。

2、检查TOF是否在线。
-是：进入步骤3
-否：1、查看TOF线束有无松动。
     2、检查TOF指示灯是否快闪。
     3、更换TOF。（更换TOF需要写号）

3、检查飞箱倾角是否正常。
-是：进入步骤4 
-否：通过飞箱操控界面调整倾角。（保证Z轴垂直）

4、检查该货位偏移量是否正常。
-是：进入步骤5
-否：重新校准偏移量。

5、检查TOF表面是否脏污。
-是：用干净的毛巾或者布擦干净
-否：进入步骤6

6、检查TOF安装螺丝是否松动
-是：紧固螺丝
-否：联系售后进行解决",1.0,,
飞箱异常,TOF异常,,104021拉箱异常,"拉箱<-货架
飞箱: 104021 箱位: (A002)11-001
尝试1次后，导致不具备拉箱条件",未知,"1、提供弹窗信息和读取TOF日志。

2、检查TOF是否在线。
-是：进入步骤3
-否：1、查看TOF线束有无松动。
     2、检查TOF指示灯是否快闪。
     3、更换TOF。（更换TOF需要写号）

3、检查飞箱倾角是否正常。
-是：进入步骤4 
-否：通过飞箱操控界面调整倾角。（保证Z轴垂直）

4、检查该货位偏移量是否正常。
-是：进入步骤5
-否：重新校准偏移量。

5、检查TOF表面是否脏污。
-是：用干净的毛巾或者布擦干净
-否：进入步骤6

6、检查TOF安装螺丝是否松动
-是：紧固螺丝
-否：联系售后进行解决",1.0,,
飞箱异常,TOF异常,,飞箱: 106001 箱位: (A002)16-012......两侧都没找到边,拉箱<-货架  飞箱: 106001 箱位: (A002)16-012......两侧都没找到边,怀意是tof测量数据不准，没有准确测量出料箱位置,"1、提供弹窗信息和读取TOF日志。

2、检查TOF是否在线。
-是：进入步骤3
-否：1、查看TOF线束有无松动。
     2、检查TOF指示灯是否快闪。
     3、更换TOF。（更换TOF需要写号）

3、检查飞箱倾角是否正常。
-是：进入步骤4 
-否：通过飞箱操控界面调整倾角。（保证Z轴垂直）

4、检查该货位偏移量是否正常。
-是：进入步骤5
-否：重新校准偏移量。

5、检查TOF表面是否脏污。
-是：用干净的毛巾或者布擦干净
-否：进入步骤6

6、检查TOF安装螺丝是否松动
-是：紧固螺丝
-否：联系售后进行解决",1.0,,
飞箱异常,其它,,101021飞箱掉电,"项目名称：日本SIG 
报警消息：等待地面车: 226072 到达接驳位超时。
请检查地面车状态，点击已解决继续等待，异常时中止当前工单",101021飞箱24v掉电没有弹出报警，飞箱下架过程中碰撞地面车导致急停，在某一个位置充电有问题,"1、检查触点模块线束是否有松动。
-是：重新插拔线束。
-否：进入步骤2

2、检查充电触点与铜线的接触面是否脱落或磨损异常。
-是：更换触点。
-否：进入步骤3

3、用万用表量电源板红色和黑色5芯接插件是否有电。
-是：如果有电则需检查铜线是否脏污或异常磨损。
-否：联系售后人员",1.0,,
飞箱异常,飞箱定位失效,,到达接驳位超时,等待地面车: 219193 到达接驳位超时。请检查地面车状态  点击已解决继续等待，异常时中止当前工单,1.实际是因为101021掉电后失去定位导致的小车在原地长时间等待；,"1、检查触点模块线束是否有松动。
-是：重新插拔线束。
-否：进入步骤2

2、检查充电触点与铜线的接触面是否脱落或磨损异常。
-是：更换触点。
-否：进入步骤3

3、用万用表量电源板红色和黑色5芯接插件是否有电。
-是：如果有电则需检查铜线是否脏污或异常磨损。
-否：联系售后人员",1.0,,
客户操作,,,发生了区域锁定,"地面车 219254 区域急停 机器人: 219254 发生了区域锁定,坐标: 9,30,错误码: 21C,描述激光雷达避障急停,检查并复位",客户误碰导致的,"1、提供弹窗信息和读取地面车日志

2、查看雷达图检查有无异物遮挡。
-有：清理异物。
-无：进入步骤3

3、检查雷达是否在线。
-是：进入步骤4
-否：1、检查雷达线是否松动或线束是否固定
     2、检查雷达灯是否旋转闪烁。

4、开机状态下用手转动小车主动轮，是否能转动。
-是：拆掉轮胎，紧固轮胎安装底座的螺丝。
-否：进入步骤5

5、观察是否打滑，或地面不平导致。
-是：自行解决不了的话可以联系售后人员协助解决。
-否：联系售后人员",1.0,,
客户操作,,,发生了区域锁定,"地面车 219213 区域急停 机器人: 219213 发生了区域锁定,坐标: 12,30,错误码: 242,描述执行动作时,没有到达目标点附近",地面车位置偏移  在地毯上校准一下定位 重定位,"1、提供弹窗信息和读取地面车日志

2、查看雷达图检查有无异物遮挡。
-有：清理异物。
-无：进入步骤3

3、检查雷达是否在线。
-是：进入步骤4
-否：1、检查雷达线是否松动或线束是否固定
     2、检查雷达灯是否旋转闪烁。

4、开机状态下用手转动小车主动轮，是否能转动。
-是：拆掉轮胎，紧固轮胎安装底座的螺丝。
-否：进入步骤5

5、观察是否打滑，或地面不平导致。
-是：自行解决不了的话可以联系售后人员协助解决。
-否：联系售后人员",1.0,,
客户操作,,,发生了区域锁定,"地面车 226090 区域急停 机器人: 226090 发生了区域锁定,坐标: 28,30,错误码: 21C,描述激光雷达避障急停,检查并复位",现场客户碰到了地面车,"1、提供弹窗信息和读取地面车日志

2、查看雷达图检查有无异物遮挡。
-有：清理异物。
-无：进入步骤3

3、检查雷达是否在线。
-是：进入步骤4
-否：1、检查雷达线是否松动或线束是否固定
     2、检查雷达灯是否旋转闪烁。

4、开机状态下用手转动小车主动轮，是否能转动。
-是：拆掉轮胎，紧固轮胎安装底座的螺丝。
-否：进入步骤5

5、观察是否打滑，或地面不平导致。
-是：自行解决不了的话可以联系售后人员协助解决。
-否：联系售后人员",1.0,,
地面车异常,直行偏航角度过大,,发生了区域锁定,"地面车 170100 区域急停 机器人: 170100 发生了区域锁定,坐标: 4,22,错误码: 21B,描述定位偏差较大或直行5秒/超2米无定位,检查并复位",1.根据日志雷达图分析， 170100小车有有段路程雷达离线，导致报错。,"1、提供弹窗信息和读取地面车日志

2、查看雷达图检查有无异物遮挡。
-有：清理异物。
-无：进入步骤3

3、检查雷达是否在线。
-是：进入步骤4
-否：1、检查雷达线是否松动或线束是否固定
     2、检查雷达灯是否旋转闪烁。

4、开机状态下用手转动小车主动轮，是否能转动。
-是：拆掉轮胎，紧固轮胎安装底座的螺丝。
-否：进入步骤5

5、观察是否打滑，或地面不平导致。
-是：自行解决不了的话可以联系售后人员协助解决。
-否：联系售后人员",1.0,,
地面车异常,区域急停,,205110 区域急停,"项目名称：青浦山姆 
报警消息：地面车 205110 区域急停 机器人: 205110 发生了区域锁定,坐标: 16,18,错误码: 21F,描述Scan radar offli",根据车服操作界面显示该地面车雷达频繁掉线怀疑雷达线接触问题,"1、提供弹窗信息和读取地面车日志

2、检查雷达是否在线。
-是：进入步骤3
-否：1、检查雷达线是否松动或线束是否固定
     2、检查雷达灯是否旋转闪烁。

3、开机状态下用手转动小车主动轮，是否能转动。
-是：拆掉轮胎，紧固轮胎安装底座的螺丝。
-否：联系售后人员解决。
",1.0,,
飞箱异常,其它,,车服报警料箱找不到,"Warning
2025-08-04 04:32:10.961箱:05870没有找到
",查到到料箱位置,"1.记录料箱号并在rcs日志中查询料箱的具体位置
2.手动控制查询位置的飞箱进行手动扫描",1.0,,
飞箱异常,TOF异常,,飞箱异常,"请解决:推箱->地面车飞箱:104021地面车:205110推箱失败,箱子重新拉回拉箱机,请人工检查箱内物品是否超高",查看监控没有出现箱内超高的情况，可能是tof异常,"1、提供弹窗信息和读取飞箱日志

2、检查TOF是否脏污。
-是：用干净的布擦TOF
-否：进入步骤3

3、检查箱子是否在正确箱位。
-是：进入步骤4.
-否：箱子摆放到正确位置。

4、检查物品是否超出箱子。
-是：整理箱子里面的物品
-否：进入步骤5

5、检查拉箱机是否有故障
-是：解决相应的故障
-否：进入步骤6

6、检查飞箱是否垂直。
-是：联系售后人员解决
-否：调整飞箱倾角。",1.0,,
飞箱异常,TOF异常,,检测不到在飞箱上的料箱,料箱在飞箱上，但飞箱检测不到料箱，手动小车无法过去接驳位接箱,,"1、提供弹窗信息和读取TOF日志。

2、检查TOF是否在线。
-是：进入步骤3
-否：1、查看TOF线束有无松动。
     2、检查TOF指示灯是否快闪。
     3、更换TOF。（更换TOF需要写号）

3、检查飞箱倾角是否正常。
-是：进入步骤4 
-否：通过飞箱操控界面调整倾角。（保证Z轴垂直）

4、检查该货位偏移量是否正常。
-是：进入步骤5
-否：重新校准偏移量。

5、检查TOF表面是否脏污。
-是：用干净的毛巾或者布擦干净
-否：进入步骤6

6、检查TOF安装螺丝是否松动
-是：紧固螺丝
-否：联系售后进行解决",1.0,,
地面车异常,区域急停,,小车区域急停,Please Resolve:FloorBot 219165 emergencystop in area Robot:219165 has experienced,,"1、提供弹窗信息和读取地面车日志

2、查看雷达图检查有无异物遮挡。
-有：清理异物。
-无：进入步骤3

3、检查雷达是否在线。
-是：进入步骤4
-否：1、检查雷达线是否松动或线束是否固定
     2、检查雷达灯是否旋转闪烁。

4、开机状态下用手转动小车主动轮，是否能转动。
-是：拆掉轮胎，紧固轮胎安装底座的螺丝。
-否：进入步骤5

5、观察是否打滑，或地面不平导致。
-是：自行解决不了的话可以联系售后人员协助解决。
-否：联系售后人员",1.0,,
飞箱异常,料箱位置不正,,飞箱补推3次后失败,飞箱106022推箱在小车上205111，推箱位置不正，小车微动开关检测不到料箱,推箱时箱子在小车上歪了,"1、提供弹窗信息和读取飞箱日志。

2、检查TOF是否脏污或螺丝松动。
-是：擦干净TOF/紧固螺丝
-否：进入步骤3

3、查看地面车停的位置是否准确。
-是：进入步骤4
-否：通过操控界面调整地面车位置

4、检查拉箱机是否倾斜。
-是：找到倾斜原因并解决，如未发现明显原因，可以电机回零继续观察
-否：进入步骤5

5、检查接驳位偏移量是否正常，可以和相邻接驳位对比下
-是：联系售后人员解决。
-否：调整偏移量。",1.0,,       
飞箱异常,其它,,飞箱推箱失败,飞箱推箱失败,查看监控：物品超高,"1、取出超高货物。
2、“终止任务”“启动任务”，飞箱会重新拉箱。",1.0,,
飞箱异常,TOF异常,,飞箱异常,"StockRackPlease Resolve:Push bin ->AirRob:106009 binPosition:(A018)06-017推箱失败,箱子重新拉回拉箱机,请人工检查箱内物品是否超高",可能tor检测异常，但是看监控里，货物没有超过限高,"1、提供弹窗信息和读取TOF日志。

2、检查TOF是否在线。
-是：进入步骤3
-否：1、查看TOF线束有无松动。
     2、检查TOF指示灯是否快闪。
     3、更换TOF。（更换TOF需要写号）

3、检查飞箱倾角是否正常。
-是：进入步骤4 
-否：通过飞箱操控界面调整倾角。（保证Z轴垂直）

4、检查该货位偏移量是否正常。
-是：进入步骤5
-否：重新校准偏移量。

5、检查TOF表面是否脏污。
-是：用干净的毛巾或者布擦干净
-否：进入步骤6

6、检查TOF安装螺丝是否松动
-是：紧固螺丝
-否：联系售后进行解决
",1.0,,
客户操作,,,"飞箱: 104063 箱位: (A006)06-030.........推箱失败,箱子重新拉回拉箱机,请人工检查箱内物品是否超高","推箱->货架  飞箱: 104063 箱位: (A006)06-030.........推箱失败,箱子重新拉回拉箱机,请人工检查箱内物品是否超高",物品超高，无法推箱,"1、取出超高货物。
2、“终止任务”“启动任务”，飞箱会重新推箱。",1.0,,
客户操作,,,飞箱内物品超高,"推箱->货架  飞箱: 106002 箱位: (A003)05-029.........推箱失败,箱子重新拉回拉箱机,请人工检查箱内物品是否超高",1、飞箱内物品超高，导致推箱失败,"1、取出超高货物。
2、“终止任务”“启动任务”，飞箱会重新推箱。",1.0,,
客户操作,,,工作站物品超高（小车走偏）,"报警消息：地面车 226091 区域急停 机器人: 226091 发生了区域锁定,坐标: 25,31,错误码: 242,描述执行动作时,没有到达目标点附近","1、工作站人员摆放物品时超高，小车经过工作站时撞到防护栏，导致走偏
",1、加强操作人员培训。,1.0,,
客户操作,,,发生了区域锁定,"地面车 249021 区域急停 ロボット: 249021 エリアロックが発生しました、座標: 43,63、エラーコード: 234、説明 目的地マップ情報取得失敗",1.人员误触小车触发区域急停,1、加强操作人员培训。,1.0,,
客户操作,,,"推箱->货架  飞箱: 106005 箱位: (A010)06-027.........推箱失败,箱子重新拉回拉箱机,请人工检查箱内物品是否超高","推箱->货架  飞箱: 106005 箱位: (A010)06-027.........推箱失败,箱子重新拉回拉箱机,请人工检查箱内物品是否超高",物品超高,"1、取出超高货物。
2、“终止任务”“启动任务”，飞箱会重新推箱。",1.0,,
客户操作,,,地面车 219166 区域急停 Robot: 219166 has experienced,地面车 219166 区域急停 Robot: 219166 has experienced,1.工作人员，按压地面车导致转弯后角度偏移,1、加强操作人员培训。,1.0,,
客户操作,,,"推箱->货架  飞箱: 106001 箱位: (A001)03-025.........推箱失败,箱子重新拉回拉箱机,请人工检查箱内物品是否超高","推箱->货架  飞箱: 106001 箱位: (A001)03-025.........推箱失败,箱子重新拉回拉箱机,请人工检查箱内物品是否超高",物品超高,"1、取出超高货物。
2、“终止任务”“启动任务”，飞箱会重新推箱。",1.0,,
客户操作,,,"推箱->货架  飞箱: 106002 箱位: (A003)16-011.........推箱失败,箱子重新拉回拉箱机,请人工检查箱内物品是否超高","推箱->货架  飞箱: 106002 箱位: (A003)16-011.........推箱失败,箱子重新拉回拉箱机,请人工检查箱内物品是否超高",物品超高,"1、取出超高货物。
2、“终止任务”“启动任务”，飞箱会重新推箱。",1.0,,
客户操作,,,No running position,拉箱<-货架   飞箱: 106001 箱位: (A001)04-015..........No running position:9 目标:2.0实际:153.8,飞箱超高导致没有拉出,"1、提供弹窗信息和读取飞箱日志

2、检查TOF是否脏污。
-是：用干净的布擦TOF
-否：进入步骤3

3、检查箱子是否在正确箱位。
-是：进入步骤4.
-否：箱子摆放到正确位置。

4、检查物品是否超出箱子。
-是：整理箱子里面的物品
-否：进入步骤5

5、检查拉箱机是否有故障
-是：解决相应的故障
-否：进入步骤6

6、检查飞箱是否垂直。
-是：联系售后人员解决
-否：调整飞箱倾角。",1.0,,
客户操作,,,工作站区域急停（前方有障碍物）,"地面车 219211 区域急停 机器人: 219211 发生了区域锁定,坐标: 18,3,错误码: 21D,描述直行偏航角度太大(>15°),检查并复位",1、小车前方有障碍物，导致急停,"1、清理干净障碍物。
2、小车没偏的话可以直接点“已解决”
3、小车偏了需要放地毯上或通过操控界面调整。",1.0,,
客户操作,,,发生了区域锁定,"地面车 219240 区域急停 机器人: 219240 发生了区域锁定,坐标: 25,31,错误码: 242,描述执行动作时,没有到达目标点附近",1.料箱内物料超高导致撞击上工作站上挡边，小车偏航,1、加强操作人员培训。,1.0,,
客户操作,,,发生了区域锁定,"地面车 80076 区域急停 机器人: 80076 发生了区域锁定,坐标: 9,20,错误码: 234,描述Destination no navigation positioning",1.操作台有杂物导致小车撞到。,"1、清理干净障碍物。
2、小车没偏的话可以直接点“已解决”
3、小车偏了需要放地毯上或通过操控界面调整。",1.0,,
客户操作,,,发生了区域锁定,"地面车 80076 区域急停 机器人: 80076 发生了区域锁定,坐标: 8,20,错误码: 234,描述Destination no navigation positioning",查看视频发现是客户的包装纸箱堆积到电梯上，导致小车剐蹭纸箱,"1、清理干净障碍物。
2、小车没偏的话可以直接点“已解决”
3、小车偏了需要放地毯上或通过操控界面调整。",,,
客户操作,,,发生了区域锁定,"地面车 219193 区域急停 机器人: 219193 发生了区域锁定,坐标: 24,2,错误码: 21C,描述激光雷达避障急停,检查并复位",1.工作人员触发激光导致触发急停,1、加强操作人员培训。,,,
客户操作,,,飞箱货物过高,"Please Resolve:Push bin ->StockRackAirRob:106008 binPosition:(A015)12-009推箱失败,箱子重新拉回拉箱机,请人工检查箱内物品是否超高",推箱时料箱内货物超过料箱高度，推箱失败,"1、取出超高货物。
2、“终止任务”“启动任务”，飞箱会重新推箱。",,,
客户操作,,,RS-PDD2507240029 1波次取消,RS-PDD2507240029 1波次取消,客户说波次不做了 需要结束掉,,,,
客户操作,,,扫码台断电,有一个扫码台位置工控机和相机都突然黑屏不亮，无法开机。,失去供电，需要现场排查。,"1、检查工控机电源接口是否紧固。                                                                  
-是：插紧接口
-否：进入步骤2
2、更换适配器供电的方式查看问题是否还存在。
-是：建议联系专业的售后技术支持人员获得帮助。
-否：问题解决",,,
客户操作,,,发生了区域锁定,"地面车 219249 区域急停 机器人: 219249 发生了区域锁定,坐标: 6,30,错误码: 242,描述执行动作时,没有到达目标点附近",1.小车料箱内物品超高导致撞到工作站上挡边后定位偏离,"1、取出超高物品。
2、小车没偏的话可以直接点“已解决”
3、小车偏了需要放地毯上或通过操控界面调整。",,,
客户操作,,,地面车 219214 区域急停,"项目名称：日本SIG 
报警消息：地面车 219214 区域急停 机器人: 219214 发生了区域锁定,坐标: 7,31,错误码: 242,描述执行动作时,没有到达目标点附近",1.原因为小车超高超高导致与工作站碰撞。,"1、取出超高物品。
2、小车没偏的话可以直接点“已解决”
3、小车偏了需要放地毯上或通过操控界面调整。",,,
客户操作,,,beltin没到位,拉箱<-货架   飞箱: 106004 箱位: (A007)17-005..........拉箱失败:beltin没到位(192.5).(10),原因为料箱超高卡住导致拉箱机拉不出来,"1、取出超高货物。
2、“终止任务”“启动任务”，飞箱会重新拉箱。",,,
客户操作,,,工作站区域急停（物品超高）,"地面车 219231 区域急停 机器人: 219231 发生了区域锁定,坐标: 25,31,错误码: 242,描述执行动作时,没有到达目标点附近",1、工作站人员摆放物品时超高，小车经过工作站时撞到防护栏，导致走偏,"1、取出超高物品。
2、小车没偏的话可以直接点“已解决”
3、小车偏了需要放地毯上或通过操控界面调整。",,,
客户操作,,,区域急停（检测到人员）,"地面车 219225 区域急停 机器人: 219225 发生了区域锁定,坐标: 9,3,错误码: 21C,描述激光雷达避障急停,检查并复位",1、根据日志判断，小车在工作站区域检测到人员走动，导致区域急停,"1、小车没偏的话可以直接点“已解决”
2、小车偏了需要放地毯上或通过操控界面调整。",,,
客户操作,,,工作站区域急停（物品超高）,"地面车 219198 区域急停 机器人: 219198 发生了区域锁定,坐标: 25,30,错误码: 242,描述执行动作时,没有到达目标点附近",1、由于现场工作人员放入的物品超高，小车通过坐姿工作站下面时，超高的物品撞到护栏，导致走偏发生急停,"1、取出超高物品。
2、小车没偏的话可以直接点“已解决”
3、小车偏了需要放地毯上或通过操控界面调整。",,,
客户操作,,,飞箱异常报警,"Please Resolve:Push bin ->StockRackAirRob: 106002 binPosition:(A004)09-039推箱失败,箱子重新拉回拉箱机,请人工检查箱内物品是否超高",货物超过料箱高度,"1、取出超高货物。
2、“终止任务”“启动任务”，飞箱会重新推箱。",,,
客户操作,,,客户要魔毯的RFID编号,客户要魔毯的RFID编号,在地图路径里发给客户Map上层.locate,,,,
客户操作,,,物品超高（工作站区域）,"地面车 219233 区域急停 机器人: 219233 发生了区域锁定,坐标: 24,30,错误码: 242,描述执行动作时,没有到达目标点附近",1、由于现场工作人员放入的物品超高，小车通过坐姿工作站下面时，超高的物品撞到护栏，导致走偏发生急停,"1、取出超高物品。
2、小车没偏的话可以直接点“已解决”
3、小车偏了需要放地毯上或通过操控界面调整。",,,
客户操作,,,发生了区域锁定,"地面车 219234 区域急停 机器人: 219234 发生了区域锁定,坐标: 25,30,错误码: 242,描述执行动作时,没有到达目标点附近",1.小车料箱内物品超高导致与工作站上档边碰撞,"1、取出超高物品。
2、小车没偏的话可以直接点“已解决”
3、小车偏了需要放地毯上或通过操控界面调整。",,,
客户操作,,,更换地毯,客户更换地毯,,,,,
客户操作,,,物品超高（工作站区域）,"地面车 226062 区域急停 机器人: 226062 发生了区域锁定,坐标: 16,30,错误码: 21C,描述激光雷达避障急停,检查并复位",1、由于现场工作人员放入的物品超高，小车通过坐姿工作站下面时，超高的物品撞到护栏，导致走偏发生急停,"1、取出超高物品。
2、小车没偏的话可以直接点“已解决”
3、小车偏了需要放地毯上或通过操控界面调整。",,,
客户操作,,,地面车 219245 区域急停,"地面车 219245 区域急停 机器人: 219245 发生了区域锁定,坐标: 24,2,错误码: 21C,描述激光雷达避障急停,检查并复位",1、小车经过工作站区域时检测到现场人员，导致小车急停,"1、小车没偏的话可以直接点“已解决”
2、小车偏了需要放地毯上或通过操控界面调整。",,,
客户操作,,,地面车 219240 区域急停,"报警消息：地面车 219240 区域急停 机器人: 219240 发生了区域锁定,坐标: 24,2,错误码: 21C,描述激光雷达避障急停,检查并复位",1、小车经过工作站区域时检测到现场人员，导致小车急停,"1、小车没偏的话可以直接点“已解决”
2、小车偏了需要放地毯上或通过操控界面调整。",,,
客户操作,,,物品超高（工作站区域）,"报警消息：地面车 219177 区域急停 机器人: 219177 发生了区域锁定,坐标: 4,1,错误码: 242,描述执行动作时,没有到达目标点附近",1、由于现场工作人员放入的物品超高，小车通过坐姿工作站下面时，超高的物品撞到护栏，导致走偏发生急停,"1、取出超高物品。
2、小车没偏的话可以直接点“已解决”
3、小车偏了需要放地毯上或通过操控界面调整。",,,
客户操作,,,小车撞到掉在平台上的衣服走歪,客户描述有机器人跑歪了，需要magview远程重新找回定位,,1、通过小车操控界面调整位置解决。,,,
客户操作,,,RCS重新启动后，机器人没有重新卸货，带着货物返回了发货口,RCS重新启动后，机器人没有重新卸货，带着货物返回了发货口,分析日志：现场工人切换了随机跑模式，导致任务被清空。,1、加强操作人员培训。,,,
客户操作,,,219209 区域急停,"地面车 219209 区域急停 机器人: 219209 发生了区域锁定,坐标: 4,2,错误码: 21C,描述激光雷达避障急停,检查并复位",人工拣货时干预,1、加强操作人员培训。,,,
客户操作,,,101039物品超高,"项目名称：流山UA 
报警消息：トート押込む->棚
AirRob: 101039 ロケーション: (A039)09-021
推箱失败,箱子重新拉回拉箱机,请人工检查箱内物品是否超高",人工摆放物品超高导致飞箱推不进去,"1、取出超高货物。
2、“终止任务”“启动任务”，飞箱会重新推箱。",,,
客户操作,,,小车不发车,客户扫描后小车不发车,"1.不发车原因WCS和RCS没有连通
2.不互通原因WCS服务器的防火墙被打开","1、检查两台电脑防火墙是否打开。
-是：关闭防火墙
-否：进入步骤2
2、RCS是否打开。
-是：进入步骤3
-否：打开RCS 
3、检查电脑网线是否正常。
-是：联系售后人员解决
-否：重新插拔网线或更换。",,,
客户操作,,,急停频繁,小车在特点区域急停频繁，,1，客户整理地毯的时候，把部分地毯放错位置，没有放回原位,"1、检查RFID位置是否变动。
2、检查地毯是否翘起或磨损严重。
3、检查磁条图是否正常。
4、检查地毯方向是否正确。",,,
客户操作,,,地毯方向出错,小车经常急停报错，小车经过指定的位置会出现报红的情况,1，其中一个地毯方向装错的情况,"1、检查RFID位置是否变动。
2、检查地毯是否翘起或磨损严重。
3、检查磁条图是否正常。
4、检查地毯方向是否正确。",,,
客户操作,,,地面车 205110 区域急停,"项目名称：青浦山姆 
报警消息：地面车 205110 区域急停 机器人: 205110 发生了区域锁定,坐标: 17,20,错误码: 234,描述Destination no navigation positioning 
原因为工作站有异物入侵导致小车撞车",原因为工作站有异物入侵导致小车撞车,"1、清理异物。
2、小车没偏的话可以直接点“已解决”
3、小车偏了需要放地毯上或通过操控界面调整。",,,
客户操作,,,发生了区域锁定,"地面车 219178 区域急停 机器人: 219178 发生了区域锁定,坐标: 9,2,错误码: 21C,描述激光雷达避障急停,检查并复位",1.客户将料箱放在工作站前方，导致触发激光避障,"1、清理异物。
2、小车没偏的话可以直接点“已解决”
3、小车偏了需要放地毯上或通过操控界面调整。",,,
客户操作,,,104042 物品超高,"推箱->货架  飞箱: 104042 箱位: (A004)07-017.........推箱失败,箱子重新拉回拉箱机,请人工检查箱内物品是否超高",人工摆放问题导致需要进行人工培训,"1、取出超高货物。
2、“终止任务”“启动任务”，飞箱会重新推箱。",,,
客户操作,,,219252 地面车区域急停,"地面车 219252 区域急停 机器人: 219252 发生了区域锁定,坐标: 25,31,错误码: 242,描述执行动作时,没有到达目标点附近",看录像回放发现是物品超高导致车子过工作台时被上方限高剐蹭，从而导致小车偏移,"1、取出超高物品。
2、小车没偏的话可以直接点“已解决”
3、小车偏了需要放地毯上或通过操控界面调整。",,,
客户操作,,,发生了区域锁定,"地面车 80094 区域急停 机器人: 80094 发生了区域锁定,坐标: 5,20,错误码: 234,描述Destination no navigation positioning",原因是工作人员把物品放在护栏上，小车过来转弯的时候撞到物品，导致小车定位丢失，跑偏,1、加强操作人员培训。,,,
客户操作,,,104061 飞箱内物品超高,"报警消息：推箱->货架
飞箱: 104061 箱位: (A006)13-001
推箱失败,箱子重新拉回拉箱机,请人工检查箱内物品是否超高",1、料箱内物品超高，飞箱推箱失败，导致报错,"1、取出超高货物。
2、“终止任务”“启动任务”，飞箱会重新推箱。",,,
客户操作,,,发生了区域锁定,"地面车 205115 区域急停 机器人: 205115 发生了区域锁定,坐标: 17,3,错误码: 246,描述When performing an action, robot direction and target direction are not consistent
项目名称：青浦山姆 报警消息：等待地面车: 80084 到达接驳位超时。请检查地面车状态，点击已解决继续等待，异常时中",,"1、提供弹窗信息和读取地面车日志

2、查看雷达图检查有无异物遮挡。
-有：清理异物。
-无：进入步骤3

3、检查雷达是否在线。
-是：进入步骤4
-否：1、检查雷达线是否松动或线束是否固定
     2、检查雷达灯是否旋转闪烁。

4、开机状态下用手转动小车主动轮，是否能转动。
-是：拆掉轮胎，紧固轮胎安装底座的螺丝。
-否：进入步骤5

5、观察是否打滑，或地面不平导致。
-是：自行解决不了的话可以联系售后人员协助解决。
-否：联系售后人员",,,
客户操作,,,地面车 219184 区域急停,"报警消息：地面车 219184 区域急停 机器人: 219184 发生了区域锁定,坐标: 13,30,错误码: 242,描述执行动作时,没有到达目标点附近",1、由于现场工作人员放入的物品超高，小车通过坐姿工作站下面时，超高的物品撞到护栏，导致走偏发生急停,"1、取出超高物品。
2、小车没偏的话可以直接点“已解决”
3、小车偏了需要放地毯上或通过操控界面调整。",,,
客户操作,,,地面车 219219 区域急停,"报警消息：地面车 219219 区域急停 机器人: 219219 发生了区域锁定,坐标: 6,30,错误码: 242,描述执行动作时,没有到达目标点附近",1、由于现场工作人员放入的物品超高，小车通过坐姿工作站下面时，超高的物品撞到护栏，导致走偏发生急停,"1、取出超高物品。
2、小车没偏的话可以直接点“已解决”
3、小车偏了需要放地毯上或通过操控界面调整。",,,
客户操作,,,地面车 219248 区域急停,"地面车 219248 区域急停 机器人: 219248 发生了区域锁定,坐标: 25,30,错误码: 242,描述执行动作时,没有到达目标点附近",1、由于现场工作人员放入的物品超高，小车通过坐姿工作站下面时，超高的物品撞到护栏，导致走偏发生急停,"1、取出超高物品。
2、小车没偏的话可以直接点“已解决”
3、小车偏了需要放地毯上或通过操控界面调整。",,,
客户操作,,,地面车 226072 区域急停,"报警消息：地面车 226072 区域急停 机器人: 226072 发生了区域锁定,坐标: 25,30,错误码: 21D,描述直行偏航角度太大(>15°),检查并复位",1、由于现场工作人员放入的物品超高，小车通过坐姿工作站下面时，超高的物品撞到护栏，导致走偏发生急停,"1、取出超高物品。
2、小车没偏的话可以直接点“已解决”
3、小车偏了需要放地毯上或通过操控界面调整。",,,
客户操作,,,紧急充电用不了,紧急充电用不了,客户操作错误，重新切换紧急充电正常,1、加强操作人员培训。,,,
客户操作,,,发生了区域锁定,"地面车 219203 区域急停 机器人: 219203 发生了区域锁定,坐标: 24,30,错误码: 242,描述执行动作时,没有到达目标点附近",看报错日志，小车再经过工作站时，发生了车身偏移，推测可能是车子箱子，挂到工作台上放限高柱，因为小车雷达没有显示前方出现障碍物,"1、提供弹窗信息和读取地面车日志

2、查看雷达图检查有无异物遮挡。
-有：清理异物。
-无：进入步骤3

3、检查雷达是否在线。
-是：进入步骤4
-否：1、检查雷达线是否松动或线束是否固定
     2、检查雷达灯是否旋转闪烁。

4、开机状态下用手转动小车主动轮，是否能转动。
-是：拆掉轮胎，紧固轮胎安装底座的螺丝。
-否：进入步骤5

5、观察是否打滑，或地面不平导致。
-是：自行解决不了的话可以联系售后人员协助解决。
-否：联系售后人员",,,
客户操作,,,电梯下降到下层，电机力矩过大导致重启回零,电梯下降到下层，电机力矩过大导致重启回零,"1、检查电机下降到下层是否有卡顿
2、联系吴占宁
魔毯超出位置，导致电梯下降时会卡住","1.检查电机下降到下层是否有卡顿
  -是：进入步骤2
  -否：联系专业的售后技术人员检查
2.检查魔毯是否超出位置
  -是：处理魔毯
  -否：联系专业的售后技术人员检查",,,
客户操作,,,地面车 219238 区域急停,"报警消息：地面车 219238 区域急停 机器人: 219238 发生了区域锁定,坐标: 7,30,错误码: 242,描述执行动作时,没有到达目标点附近",1、由于现场工作人员放入的物品超高，小车通过坐姿工作站下面时，超高的物品撞到护栏，导致走偏发生急停,"1、取出超高物品。
2、小车没偏的话可以直接点“已解决”
3、小车偏了需要放地毯上或通过操控界面调整。",,,
客户操作,,,地面车 219216 区域急停,"报警消息：地面车 219216 区域急停 机器人: 219216 发生了区域锁定,坐标: 7,30,错误码: 242,描述执行动作时,没有到达目标点附近",1、由于现场工作人员放入的物品超高，小车通过坐姿工作站下面时，超高的物品撞到护栏，导致走偏发生急停,"1、取出超高物品。
2、小车没偏的话可以直接点“已解决”
3、小车偏了需要放地毯上或通过操控界面调整。",,,
客户操作,,,地面车 219242 区域急停,"报警消息：地面车 219242 区域急停 机器人: 219242 发生了区域锁定,坐标: 19,30,错误码: 242,描述执行动作时,没有到达目标点附近",1、由于现场工作人员放入的物品超高，小车通过坐姿工作站下面时，超高的物品撞到护栏，导致走偏发生急停,"1、取出超高物品。
2、小车没偏的话可以直接点“已解决”
3、小车偏了需要放地毯上或通过操控界面调整。",,,
客户操作,,,物品高度超高,"Air Rob:101020位置:（A020）04-009
推箱失败，请再次将箱子拉回托盘轨道。请人工检查箱子内的物品是否过高。",料箱物品超高导致推拉箱失败,"1、取出超高货物。
2、“终止任务”“启动任务”，飞箱会重新推箱。",,,
客户操作,,,地面车 219222 区域急停,"报警消息：地面车 219222 区域急停 机器人: 219222 发生了区域锁定,坐标: 28,30,错误码: 21C,描述激光雷达避障急停,检查并复位","1、根据日志分析，小车在工作站区域行驶过程，检测到前方障碍物，导致急停
","1、清理异物。
2、小车没偏的话可以直接点“已解决”
3、小车偏了需要放地毯上或通过操控界面调整。",,,
客户操作,,,地面车227074发生了区域锁定,"地面车 226074 区域急停 机器人: 226074 发生了区域锁定,坐标: 19,30,错误码: 242,描述执行动作时,没有到达目标点附近",料箱物品超高，碰到工作站横梁,"1、取出超高物品。
2、小车没偏的话可以直接点“已解决”
3、小车偏了需要放地毯上或通过操控界面调整。",,,
客户操作,,,地面车219248发生了区域锁定,"地面车 219248 区域急停 机器人: 219248 发生了区域锁定,坐标: 24,30,错误码: 242,描述执行动作时,没有到达目标点附近",物品超高，碰到工作站横梁急停,"1、取出超高物品。
2、小车没偏的话可以直接点“已解决”
3、小车偏了需要放地毯上或通过操控界面调整。",,,
客户操作,,,地面车226076发生了区域锁定,"地面车 226076 区域急停 机器人: 226076 发生了区域锁定,坐标: 18,30,错误码: 242,描述执行动作时,没有到达目标点附近",工作站附近急停，撞到工作站的横梁,"1、取出超高物品。
2、小车没偏的话可以直接点“已解决”
3、小车偏了需要放地毯上或通过操控界面调整。",,,
客户操作,,,地面车219218发生了区域锁定,"地面车 219218 区域急停 机器人: 219218 发生了区域锁定,坐标: 4,2,错误码: 21C,描述激光雷达避障急停,检查并复位",物品超高，碰到了工作站横梁,"1、取出超高物品。
2、小车没偏的话可以直接点“已解决”
3、小车偏了需要放地毯上或通过操控界面调整。",,,
客户操作,,,车服错误删除小车,uniuniLA下层启动车服就急停撞车,客户在搬移小车时，搬移一部分小车，并在车服上删除没搬移的小车，导致车服没识别到其他小车位置导致撞车,"1.撞车时查看rcs界面撞车位置的机器人编号
2.查看撞车地方查看哪台机器人不在rcs里
3.找到被删除的小车搬离或重新添加",,,
客户操作,,,箱: 101072 箱位: (A072)02-054....查箱内物品超高,"推箱->货架  飞箱: 101072 箱位: (A072)02-054.........推箱失败,箱子重新拉回拉箱机,请人工检查箱内物品是否超高",物品超高,"1、取出超高货物。
2、“终止任务”“启动任务”，飞箱会重新推箱。",,,
客户操作,,,机器人撞车,机器人固定位置，一启动就会撞车，连撞,平台上的实际机器人数量和RCS列表中的不一致，217054不在列表中,,,,
客户操作,,,地面车 219198 区域急停,"报警消息：地面车 219198 区域急停 机器人: 219198 发生了区域锁定,坐标: 34,7,错误码: 21C,描述激光雷达避障急停,检查并复位",1、飞箱问题提醒群报警后，客户在群里反馈小车定位丢失，客户已经把小车放在地毯上了,"1、小车没偏的话可以直接点“已解决”
2、小车偏了需要放地毯上或通过操控界面调整。",,,
客户操作,,,RCS报内存不足,RCS报内存不足,mini分拣平台也出现过同样的情况，地图界面白色机器人还在运行，栗志华说需要客户IT查看,,,,
客户操作,,,226065地面车急停,"地面车 226065 区域急停 机器人: 226065 发生了区域锁定,坐标: 19,31,错误码: 242,描述执行动作时,没有到达目标点附近",员工拿取货物时未将货物摆正导致货物超高触发急停，导致世界坐标错误,"1、取出超高物品。
2、小车没偏的话可以直接点“已解决”
3、小车偏了需要放地毯上或通过操控界面调整。",,,
客户操作,,,地面车 219206 区域急停,"地面车 219206 区域急停 机器人: 219206 发生了区域锁定,坐标: 17,16,错误码: 234,描述目的地无地毯定位","1、由于现场工作人员放入的物品超高，小车通过坐姿工作站下面时，超高的物品撞到护栏，导致走偏发生急停
2、由于丢失定位角度过大，行驶过程中和219212号地面车发生碰撞","1、取出超高物品。
2、小车没偏的话可以直接点“已解决”
3、小车偏了需要放地毯上或通过操控界面调整。",,,
客户操作,,,地面车 226082 急停,"地面车 226082 区域急停 机器人: 226082 发生了区域锁定,坐标: 13,31,错误码: 242,描述执行动作时,没有到达目标点附近",看坐标是工作站附近，推测是料箱物品超高,"1、取出超高物品。
2、小车没偏的话可以直接点“已解决”
3、小车偏了需要放地毯上或通过操控界面调整。",,,
客户操作,,,地面车 226079 区域急停,"报警消息：地面车 226079 区域急停 机器人: 226079 发生了区域锁定,坐标: 7,30,错误码: 242,描述执行动作时,没有到达目标点附近",1、由于现场工作人员放入的物品超高，小车通过坐姿工作站下面时，超高的物品撞到护栏，导致走偏发生急停,"1、取出超高物品。
2、小车没偏的话可以直接点“已解决”
3、小车偏了需要放地毯上或通过操控界面调整。",,,
客户操作,,,料箱内物品超高,"推箱->货架  飞箱: 101041 箱位: (A005)10-015.........推箱失败,箱子重新拉回拉箱机,请人工检查箱内物品是否超高",料箱内物品超高,"1、取出超高货物。
2、“终止任务”“启动任务”，飞箱会重新推箱。",,,
客户操作,,,地面车 219227 区域急停,"报警消息：地面车 219227 区域急停 机器人: 219227 发生了区域锁定,坐标: 18,30,错误码: 242,描述执行动作时,没有到达目标点附近",1、由于现场工作人员放入的物品超高，小车通过坐姿工作站下面时，超高的物品撞到护栏，导致走偏发生急停,"1、取出超高物品。
2、小车没偏的话可以直接点“已解决”
3、小车偏了需要放地毯上或通过操控界面调整。",,,
客户操作,,,地面车 219244 区域急停,"报警消息：地面车 219244 区域急停 机器人: 219244 发生了区域锁定,坐标: 28,30,错误码: 21C,描述激光雷达避障急停,检查并复位",1、根据日志分析，小车在工作站区域行驶过程，检测到前方障碍物，导致急停,"1、清理障碍物。
2、小车没偏的话可以直接点“已解决”
3、小车偏了需要放地毯上或通过操控界面调整。",,,
客户操作,,,地面车 219247 区域急停,"报警消息：地面车 219247 区域急停 机器人: 219247 发生了区域锁定,坐标: 15,3,错误码: 21C,描述激光雷达避障急停,检查并复位",1、根据日志分析，小车在工作站区域行驶过程，检测到前方障碍物，导致急停,"1、清理障碍物。
2、小车没偏的话可以直接点“已解决”
3、小车偏了需要放地毯上或通过操控界面调整。",,,
客户操作,,,地面车219251机器人急停,"地面车219251区域急停机器人219251 发生了区域锁定,坐标:9,30,错误码21C,描述激光雷达避障急停,检查并复位",客户操作，物品超高,"1、取出超高物品。
2、小车没偏的话可以直接点“已解决”
3、小车偏了需要放地毯上或通过操控界面调整。",,,
客户操作,,,219254区域急停,"地面车 219254 区域急停 机器人: 219254 发生了区域锁定,坐标: 28,30,错误码: 21C,描述激光雷达避障急停,检查并复位",客户在分拣过程中操作时挡住了小车导致急停,"1、小车没偏的话可以直接点“已解决”
2、小车偏了需要放地毯上或通过操控界面调整。",,,
客户操作,,,226062 区域急停,"地面车 226062 区域急停 机器人: 226062 发生了区域锁定,坐标: 29,30,错误码: 21C,描述激光雷达避障急停,检查并复位",坐姿工作站没有配置围栏导致小车雷达识别到客户身体导致急停,"1、小车没偏的话可以直接点“已解决”
2、小车偏了需要放地毯上或通过操控界面调整。",,,
客户操作,,,219235 区域急停,"地面车 219235 区域急停 机器人: 219235 发生了区域锁定,坐标: 18,30,错误码: 242,描述执行动作时,没有到达目标点附近",客户放置物品超高撞到了工作站,"1、取出超高物品。
2、小车没偏的话可以直接点“已解决”
3、小车偏了需要放地毯上或通过操控界面调整。",,,
客户操作,,,地面车 219212 区域急停,"报警消息：地面车 219212 区域急停 机器人: 219212 发生了区域锁定,坐标: 31,30,错误码: 242,描述执行动作时,没有到达目标点附近",1、由于现场工作人员放入的物品超高，小车通过坐姿工作站下面时，超高的物品撞到护栏，导致走偏发生急停,"1、取出超高物品。
2、小车没偏的话可以直接点“已解决”
3、小车偏了需要放地毯上或通过操控界面调整。",,,
客户操作,,,地面车 226073 区域急停,"报警消息：地面车 226073 区域急停 机器人: 226073 发生了区域锁定,坐标: 13,30,错误码: 242,描述执行动作时,没有到达目标点附近",1、由于现场工作人员放入的物品超高，小车通过坐姿工作站下面时，超高的物品撞到护栏，导致走偏发生急停,"1、取出超高物品。
2、小车没偏的话可以直接点“已解决”
3、小车偏了需要放地毯上或通过操控界面调整。",,,
客户操作,,,地面车 219243 区域急停,"报警消息：地面车 219243 区域急停 机器人: 219243 发生了区域锁定,坐标: 29,30,错误码: 21C,描述激光雷达避障急停,检查并复位",1、小车通过工作站区域时，现场人员在旁边走动，小车检测到人员发生急停,"1、小车没偏的话可以直接点“已解决”
2、小车偏了需要放地毯上或通过操控界面调整。",,,
客户操作,,,"机器人: 226071 发生了区域锁定,坐标: 30,2,错误码: 21C,描述激光雷达避障急停","地面车 226071 区域急停 机器人: 226071 发生了区域锁定,坐标: 30,2,错误码: 21C,描述激光雷达避障急停,检查并复位",地面车经过工作站，料箱内物品超高导致碰到工作站横梁急停,"1、取出超高物品。
2、小车没偏的话可以直接点“已解决”
3、小车偏了需要放地毯上或通过操控界面调整。",,,
客户操作,,,地面车 219235 区域急停,"报警消息：地面车 219235 区域急停 机器人: 219235 发生了区域锁定,坐标: 22,30,错误码: 21C,描述激光雷达避障急停,检查并复位",1、小车通过工作站区域时，现场人员在旁边走动，小车检测到人员发生急停,"1、小车没偏的话可以直接点“已解决”
2、小车偏了需要放地毯上或通过操控界面调整。",,,
客户操作,,,飞箱: 101016 地面车: 228156............在地面车拉箱失败，箱子脱钩,拉箱<-地面车 飞箱: 101016 地面车: 228156............在地面车拉箱失败，箱子脱钩,地面车228156上的料箱353563，在工作站的时候，人工把商品放在了料箱边沿，没在料箱内，所以地面车到接驳位的时候，飞箱拉箱失败,1、加强操作人员培训。,,,
客户操作,,,机器人全部低电量，无法开机,机器人全部低电量，无法开机,由于分拣作业结束后未及时关闭机器人电源，致使次日所有设备无法正常开机运作,"1.打开rcs软件查看机器人电量
2.把机器人电量过低无法开机的机器人进行手动充电5分钟
3.充电完成后开启紧急充电模式进行充电",,,
客户操作,,,219206发生了区域锁定，料箱物品超高，碰到了工作站的横梁,"地面车 219206 区域急停 机器人: 219206 发生了区域锁定,坐标: 13,31,错误码: 242,描述执行动作时,没有到达目标点附近",发生了区域锁定，料箱物品超高，碰到了工作站的横梁,"1、取出超高物品。
2、小车没偏的话可以直接点“已解决”
3、小车偏了需要放地毯上或通过操控界面调整。",,,
客户操作,,,地面车 219209 区域急停,"报警消息：地面车 219209 区域急停 机器人: 219209 发生了区域锁定,坐标: 9,2,错误码: 21C,描述激光雷达避障急停,检查并复位",1、小车通过工作站区域时，现场人员在旁边走动，小车检测到人员发生急停,"1、小车没偏的话可以直接点“已解决”
2、小车偏了需要放地毯上或通过操控界面调整。",,,
客户操作,,,地面车 219206 区域急停,"报警消息：地面车 219206 区域急停 机器人: 219206 发生了区域锁定,坐标: 5,2,错误码: 21C,描述激光雷达避障急停,检查并复位","1、小车通过坐姿工作站下面时，现场人员在旁边走动，小车检测到人员发生急停
","1、小车没偏的话可以直接点“已解决”
2、小车偏了需要放地毯上或通过操控界面调整。",,,
客户操作,,,地面车 228096 区域急停,"地面车 228096 区域急停 机器人: 228096 发生了区域锁定,坐标: 37,33,错误码: 21C,描述TOF障害物回避レーダーが緊急停止触発",人为干预路过小车前面导致急停,"1、小车没偏的话可以直接点“已解决”
2、小车偏了需要放地毯上或通过操控界面调整。",,,
客户操作,,,228095 区域急停,"地面车 228095 区域急停 机器人: 228095 发生了区域锁定,坐标: 91,59,错误码: 21C,描述TOF障害物回避レーダーが緊急停止触発",地面车前方检测到障碍物急停,"1、清理干净障碍物。
2、小车没偏的话可以直接点“已解决”
3、小车偏了需要放地毯上或通过操控界面调整。",,,
客户操作,,,101011拉箱失败,拉箱<-货架   飞箱: 101011 箱位: (A011)10-013..........拉箱失败:beltin没到位(290.2).(10),由于货物摆放问题导致箱子拉不出来,"1、整理箱内货物。
2、“终止任务”“启动任务”，飞箱会重新拉箱。",,,
客户操作,,,发生了区域锁定,"地面车 219219 区域急停 机器人: 219219 发生了区域锁定,坐标: 18,30,错误码: 242,描述执行动作时,没有到达目标点附近",工作人员把物料竖起来放导致的碰撞,1、加强操作人员培训。,,,
客户操作,,,发生了区域锁定,"地面车 219233 区域急停 机器人: 219233 发生了区域锁定,坐标: 7,31,错误码: 242,描述执行动作时,没有到达目标点附近",货物超高,"1、取出超高物品。
2、小车没偏的话可以直接点“已解决”
3、小车偏了需要放地毯上或通过操控界面调整。",,,
客户操作,,,发生了区域锁定,"地面车 219249 区域急停 机器人: 219249 发生了区域锁定,坐标: 7,30,错误码: 242,描述执行动作时,没有到达目标点附近",客户操作，物品超高,"1、取出超高物品。
2、小车没偏的话可以直接点“已解决”
3、小车偏了需要放地毯上或通过操控界面调整。",,,
客户操作,,,发生了区域锁定,"地面车 219184 区域急停 机器人: 219184 发生了区域锁定,坐标: 25,3,错误码: 21C,描述激光雷达避障急停,检查并复位",客户误碰导致急停,"1、小车没偏的话可以直接点“已解决”
2、小车偏了需要放地毯上或通过操控界面调整。",,,
客户操作,,,发生了区域锁定,"地面车 219224 区域急停 机器人: 219224 发生了区域锁定,坐标: 4,2,错误码: 21C,描述激光雷达避障急停,检查并复位",地面车在工作站急停，客户误碰导致的,"1、小车没偏的话可以直接点“已解决”
2、小车偏了需要放地毯上或通过操控界面调整。",,,
客户操作,,,191096机器人路线无法到达,"从[1,12]到[1.10]的线路无法到达",机器人在1.9坐标报错，现场员工把机器人挪到下面点位1.12重启了，机器人不能跨过发货口到另一个发货口，所以显示无法到达,"1.是否机器人报错被搬离到了发货口
  -是：机器人换个地方放，发货口不能做为平常通车的经过点
  -否：联系专业的售后人员检查",,,
